{
  "elements": [
    {
      "constraints": {
        "height": {
          "constant": 0.0,
          "percentage": 0.5112
        },
        "left": {
          "constant": 0.0,
          "percentage": 0.0
        },
        "right": {
          "constant": 0.0,
          "percentage": 0.504
        },
        "top": {
          "constant": 0.0,
          "percentage": 0.0
        }
      },
      "id": "0",
      "mediaId": "0",
      "type": "media",
      "keyPath": "形状图层 1"
    },
    {
      "constraints": {
        "height": {
          "constant": 0.0,
          "percentage": 0.5112
        },
        "left": {
          "constant": 0.0,
          "percentage": 0.5146
        },
        "right": {
          "constant": 0.0,
          "percentage": 0.0
        },
        "top": {
          "constant": 0.0,
          "percentage": 0.0
        }
      },
      "id": "1",
      "mediaId": "1",
      "type": "media",
      "keyPath": "形状图层 2"
    },
    {
      "constraints": {
        "height": {
          "constant": 0.0,
          "percentage": 0.5022
        },
        "left": {
          "constant": 0.0,
          "percentage": 0.0
        },
        "right": {
          "constant": 0.0,
          "percentage": 0.504
        },
        "top": {
          "constant": 0.0,
          "percentage": 0.4977
        }
      },
      "id": "2",
      "mediaId": "2",
      "type": "media",
      "keyPath": "形状图层 4"
    },
    {
      "constraints": {
        "height": {
          "constant": 0.0,
          "percentage": 0.5022
        },
        "left": {
          "constant": 0.0,
          "percentage": 0.5146
        },
        "right": {
          "constant": 0.0,
          "percentage": 0.0
        },
        "top": {
          "constant": 0.0,
          "percentage": 0.4977
        }
      },
      "id": "3",
      "mediaId": "3",
      "type": "media",
      "keyPath": "形状图层 3"
    },
    {
      "constraints": {
        "bottom": {
          "constant": 0.0,
          "percentage": 0.0
        },
        "left": {
          "constant": 0.0,
          "percentage": 0.0
        },
        "right": {
          "constant": 0.0,
          "percentage": 0.0
        },
        "top": {
          "constant": 0.0,
          "percentage": 0.0
        }
      },
      "id": "4",
      "imageName": "template_widget_10002.png",
      "type": "image",
      "keyPath": "矩形 1"
    }
  ],
  "templateId": 10002
}