{
  "elements": [
    {
      "constraints": {
        "height": {
          "constant": 0.0,
          "percentage": 0.6626
        },
        "left": {
          "constant": 0.0,
          "percentage": 0.1053
        },
        "right": {
          "constant": 0.0,
          "percentage": 0.104
        },
        "top": {
          "constant": 0.0,
          "percentage": 0.2504
        }
      },
      "id": "0",
      "mediaId": "0",
      "type": "media",
      "keyPath": "形状图层 1"
    },
    {
      "constraints": {
        "bottom": {
          "constant": 0.0,
          "percentage": 0.0
        },
        "left": {
          "constant": 0.0,
          "percentage": 0.0
        },
        "right": {
          "constant": 0.0,
          "percentage": 0.0
        },
        "top": {
          "constant": 0.0,
          "percentage": 0.0
        }
      },
      "id": "1",
      "imageName": "template_widget_10001.png",
      "type": "image",
      "keyPath": "矩形 1"
    },
    {
      "canvasWidth": 375,
      "constraints": {
        "left": {
          "constant": 0.0,
          "percentage": 0.3673
        },
        "right": {
          "constant": 0.0,
          "percentage": 0.37
        },
        "top": {
          "constant": 0.0,
          "percentage": 0.1404
        }
      },
      "fontName": "Carten",
      "fontSize": 20,
      "id": "2",
      "placeHolder": "a change for",
      "textAlignment": "center",
      "textColor": "010101",
      "textId": "0",
      "type": "text",
      "keyPath": "字 1"
    },
    {
      "canvasWidth": 375,
      "constraints": {
        "left": {
          "constant": 0.0,
          "percentage": 0.394
        },
        "right": {
          "constant": 0.0,
          "percentage": 0.4007
        },
        "top": {
          "constant": 0.0,
          "percentage": 0.1929
        }
      },
      "fontName": "Carten",
      "fontSize": 20,
      "id": "3",
      "placeHolder": "the better",
      "textAlignment": "center",
      "textColor": "010101",
      "textId": "1",
      "type": "text",
      "keyPath": "字 2"
    },
    {
      "canvasWidth": 375,
      "constraints": {
        "left": {
          "constant": 0.0,
          "percentage": 0.386
        },
        "right": {
          "constant": 0.0,
          "percentage": 0.386
        },
        "top": {
          "constant": 0.0,
          "percentage": 0.9267
        }
      },
      "fontName": "Carten",
      "fontSize": 20,
      "id": "4",
      "placeHolder": "accompany",
      "textAlignment": "center",
      "textColor": "010101",
      "textId": "2",
      "type": "text",
      "keyPath":"字 3"
    }
  ],
  "templateId": 10001
}