{
  "elements": [
    {
      "constraints": {
        "height": {
          "constant": 0.0,
          "percentage": 0.2234
        },
        "left": {
          "constant": 0.0,
          "percentage": 0.104
        },
        "right": {
          "constant": 0.0,
          "percentage": 0.1027
        },
        "top": {
          "constant": 0.0,
          "percentage": 0.0645
        }
      },
      "id": "0",
      "mediaId": "0",
      "type": "media"
    },
    {
      "constraints": {
        "height": {
          "constant": 0.0,
          "percentage": 0.4063
        },
        "left": {
          "constant": 0.0,
          "percentage": 0.104
        },
        "right": {
          "constant": 0.0,
          "percentage": 0.512
        },
        "top": {
          "constant": 0.0,
          "percentage": 0.3028
        }
      },
      "id": "1",
      "mediaId": "1",
      "type": "media"
    },
    {
      "constraints": {
        "height": {
          "constant": 0.0,
          "percentage": 0.2159
        },
        "left": {
          "constant": 0.0,
          "percentage": 0.5147
        },
        "right": {
          "constant": 0.0,
          "percentage": 0.1027
        },
        "top": {
          "constant": 0.0,
          "percentage": 0.3021
        }
      },
      "id": "2",
      "mediaId": "2",
      "type": "media"
    },
    {
      "constraints": {
        "height": {
          "constant": 0.0,
          "percentage": 0.2167
        },
        "left": {
          "constant": 0.0,
          "percentage": 0.104
        },
        "right": {
          "constant": 0.0,
          "percentage": 0.5133
        },
        "top": {
          "constant": 0.0,
          "percentage": 0.7211
        }
      },
      "id": "3",
      "mediaId": "3",
      "type": "media"
    },
    {
      "constraints": {
        "height": {
          "constant": 0.0,
          "percentage": 0.4063
        },
        "left": {
          "constant": 0.0,
          "percentage": 0.5147
        },
        "right": {
          "constant": 0.0,
          "percentage": 0.104
        },
        "top": {
          "constant": 0.0,
          "percentage": 0.5315
        }
      },
      "id": "4",
      "mediaId": "4",
      "type": "media"
    },
    {
      "constraints": {
        "bottom": {
          "constant": 0.0,
          "percentage": 0.0
        },
        "left": {
          "constant": 0.0,
          "percentage": 0.0
        },
        "right": {
          "constant": 0.0,
          "percentage": 0.0
        },
        "top": {
          "constant": 0.0,
          "percentage": 0.0
        }
      },
      "id": "5",
      "imageName": "template_widget_10003.png",
      "type": "image"
    }
  ],
  "templateId": 10003
}