{
  "assets": [
    {
      "e": 0,
      "h": 299,
      "id": "image_0",
      "p": "img_0.png",
      "u": "images/",
      "w": 369
    },
    {
      "e": 0,
      "h": 299,
      "id": "image_1",
      "p": "img_1.png",
      "u": "images/",
      "w": 369
    },
    {
      "e": 0,
      "h": 299,
      "id": "image_2",
      "p": "img_2.png",
      "u": "images/",
      "w": 369
    },
    {
      "e": 0,
      "h": 299,
      "id": "image_3",
      "p": "img_3.png",
      "u": "images/",
      "w": 369
    },
    {
      "e": 0,
      "h": 434,
      "id": "image_4",
      "p": "img_4.png",
      "u": "images/",
      "w": 753
    },
    {
      "e": 0,
      "h": 434,
      "id": "image_5",
      "p": "img_5.png",
      "u": "images/",
      "w": 753
    },
    {
      "e": 0,
      "h": 434,
      "id": "image_6",
      "p": "img_6.png",
      "u": "images/",
      "w": 753
    },
    {
      "e": 0,
      "h": 434,
      "id": "image_7",
      "p": "img_7.png",
      "u": "images/",
      "w": 753
    }
  ],
  "ddd": 0,
  "fr": 25,
  "h": 1334,
  "ip": 0,
  "layers": [
    {
      "ao": 0,
      "bm": 0,
      "ddd": 0,
      "hasMask": true,
      "ind": 3,
      "ip": 0,
      "ks": {
        "a": {
          "a": 0,
          "ix": 1,
          "k": [
            184.5,
            149.5,
            0
          ]
        },
        "o": {
          "a": 0,
          "ix": 11,
          "k": 100
        },
        "p": {
          "a": 0,
          "ix": 2,
          "k": [
            184.5,
            393.5,
            0
          ]
        },
        "r": {
          "a": 0,
          "ix": 10,
          "k": 0
        },
        "s": {
          "a": 0,
          "ix": 6,
          "k": [
            100,
            100,
            100
          ]
        }
      },
      "masksProperties": [
        {
          "inv": false,
          "mode": "a",
          "nm": "蒙版 1",
          "o": {
            "a": 1,
            "ix": 3,
            "k": [
              {
                "i": {
                  "x": [
                    0.833
                  ],
                  "y": [
                    0.833
                  ]
                },
                "o": {
                  "x": [
                    0.167
                  ],
                  "y": [
                    0.167
                  ]
                },
                "s": [
                  0
                ],
                "t": 25
              },
              {
                "s": [
                  100
                ],
                "t": 37
              }
            ]
          },
          "pt": {
            "a": 1,
            "ix": 1,
            "k": [
              {
                "i": {
                  "x": 0.833,
                  "y": 0.833
                },
                "o": {
                  "x": 0.167,
                  "y": 0.167
                },
                "s": [
                  {
                    "c": true,
                    "i": [
                      [
                        0,
                        0
                      ],
                      [
                        0,
                        0
                      ],
                      [
                        0,
                        0
                      ],
                      [
                        0,
                        0
                      ]
                    ],
                    "o": [
                      [
                        0,
                        0
                      ],
                      [
                        0,
                        0
                      ],
                      [
                        0,
                        0
                      ],
                      [
                        0,
                        0
                      ]
                    ],
                    "v": [
                      [
                        -2.836,
                        0
                      ],
                      [
                        -15,
                        0
                      ],
                      [
                        -15,
                        305.164
                      ],
                      [
                        -2.836,
                        305.164
                      ]
                    ]
                  }
                ],
                "t": 25
              },
              {
                "s": [
                  {
                    "c": true,
                    "i": [
                      [
                        0,
                        0
                      ],
                      [
                        0,
                        0
                      ],
                      [
                        0,
                        0
                      ],
                      [
                        0,
                        0
                      ]
                    ],
                    "o": [
                      [
                        0,
                        0
                      ],
                      [
                        0,
                        0
                      ],
                      [
                        0,
                        0
                      ],
                      [
                        0,
                        0
                      ]
                    ],
                    "v": [
                      [
                        376.164,
                        0
                      ],
                      [
                        -15,
                        0
                      ],
                      [
                        -15,
                        305.164
                      ],
                      [
                        376.164,
                        305.164
                      ]
                    ]
                  }
                ],
                "t": 37
              }
            ]
          },
          "x": {
            "a": 0,
            "ix": 4,
            "k": 0
          }
        }
      ],
      "nm": "figure1",
      "op": 250,
      "refId": "image_0",
      "sr": 1,
      "st": 0,
      "ty": 2
    },
    {
      "ao": 0,
      "bm": 0,
      "ddd": 0,
      "hasMask": true,
      "ind": 4,
      "ip": 0,
      "ks": {
        "a": {
          "a": 0,
          "ix": 1,
          "k": [
            184.5,
            149.5,
            0
          ]
        },
        "o": {
          "a": 0,
          "ix": 11,
          "k": 71.429
        },
        "p": {
          "a": 0,
          "ix": 2,
          "k": [
            565.5,
            396,
            0
          ]
        },
        "r": {
          "a": 0,
          "ix": 10,
          "k": 0
        },
        "s": {
          "a": 0,
          "ix": 6,
          "k": [
            100,
            100,
            100
          ]
        }
      },
      "masksProperties": [
        {
          "inv": false,
          "mode": "a",
          "nm": "蒙版 1",
          "o": {
            "a": 1,
            "ix": 3,
            "k": [
              {
                "i": {
                  "x": [
                    0.833
                  ],
                  "y": [
                    0.833
                  ]
                },
                "o": {
                  "x": [
                    0.167
                  ],
                  "y": [
                    0.167
                  ]
                },
                "s": [
                  0
                ],
                "t": 37
              },
              {
                "s": [
                  100
                ],
                "t": 50
              }
            ]
          },
          "pt": {
            "a": 1,
            "ix": 1,
            "k": [
              {
                "i": {
                  "x": 0.833,
                  "y": 0.833
                },
                "o": {
                  "x": 0.167,
                  "y": 0.167
                },
                "s": [
                  {
                    "c": true,
                    "i": [
                      [
                        0,
                        0
                      ],
                      [
                        0,
                        0
                      ],
                      [
                        0,
                        0
                      ],
                      [
                        0,
                        0
                      ]
                    ],
                    "o": [
                      [
                        0,
                        0
                      ],
                      [
                        0,
                        0
                      ],
                      [
                        0,
                        0
                      ],
                      [
                        0,
                        0
                      ]
                    ],
                    "v": [
                      [
                        -2.836,
                        0
                      ],
                      [
                        -15,
                        0
                      ],
                      [
                        -15,
                        305.164
                      ],
                      [
                        -2.836,
                        305.164
                      ]
                    ]
                  }
                ],
                "t": 37
              },
              {
                "s": [
                  {
                    "c": true,
                    "i": [
                      [
                        0,
                        0
                      ],
                      [
                        0,
                        0
                      ],
                      [
                        0,
                        0
                      ],
                      [
                        0,
                        0
                      ]
                    ],
                    "o": [
                      [
                        0,
                        0
                      ],
                      [
                        0,
                        0
                      ],
                      [
                        0,
                        0
                      ],
                      [
                        0,
                        0
                      ]
                    ],
                    "v": [
                      [
                        376.164,
                        0
                      ],
                      [
                        -15,
                        0
                      ],
                      [
                        -15,
                        305.164
                      ],
                      [
                        376.164,
                        305.164
                      ]
                    ]
                  }
                ],
                "t": 50
              }
            ]
          },
          "x": {
            "a": 0,
            "ix": 4,
            "k": 0
          }
        }
      ],
      "nm": "figure2",
      "op": 250,
      "refId": "image_1",
      "sr": 1,
      "st": 0,
      "ty": 2
    },
    {
      "ao": 0,
      "bm": 0,
      "ddd": 0,
      "hasMask": true,
      "ind": 5,
      "ip": 0,
      "ks": {
        "a": {
          "a": 0,
          "ix": 1,
          "k": [
            184.5,
            149.5,
            0
          ]
        },
        "o": {
          "a": 0,
          "ix": 11,
          "k": 100
        },
        "p": {
          "a": 0,
          "ix": 2,
          "k": [
            184.5,
            989.5,
            0
          ]
        },
        "r": {
          "a": 0,
          "ix": 10,
          "k": 0
        },
        "s": {
          "a": 0,
          "ix": 6,
          "k": [
            100,
            100,
            100
          ]
        }
      },
      "masksProperties": [
        {
          "inv": false,
          "mode": "a",
          "nm": "蒙版 1",
          "o": {
            "a": 1,
            "ix": 3,
            "k": [
              {
                "i": {
                  "x": [
                    0.833
                  ],
                  "y": [
                    0.833
                  ]
                },
                "o": {
                  "x": [
                    0.167
                  ],
                  "y": [
                    0.167
                  ]
                },
                "s": [
                  0
                ],
                "t": 37
              },
              {
                "s": [
                  100
                ],
                "t": 50
              }
            ]
          },
          "pt": {
            "a": 1,
            "ix": 1,
            "k": [
              {
                "i": {
                  "x": 0.833,
                  "y": 0.833
                },
                "o": {
                  "x": 0.167,
                  "y": 0.167
                },
                "s": [
                  {
                    "c": true,
                    "i": [
                      [
                        0,
                        0
                      ],
                      [
                        0,
                        0
                      ],
                      [
                        0,
                        0
                      ],
                      [
                        0,
                        0
                      ]
                    ],
                    "o": [
                      [
                        0,
                        0
                      ],
                      [
                        0,
                        0
                      ],
                      [
                        0,
                        0
                      ],
                      [
                        0,
                        0
                      ]
                    ],
                    "v": [
                      [
                        401.164,
                        -4
                      ],
                      [
                        389,
                        -4
                      ],
                      [
                        389,
                        301.164
                      ],
                      [
                        401.164,
                        301.164
                      ]
                    ]
                  }
                ],
                "t": 37
              },
              {
                "s": [
                  {
                    "c": true,
                    "i": [
                      [
                        0,
                        0
                      ],
                      [
                        0,
                        0
                      ],
                      [
                        0,
                        0
                      ],
                      [
                        0,
                        0
                      ]
                    ],
                    "o": [
                      [
                        0,
                        0
                      ],
                      [
                        0,
                        0
                      ],
                      [
                        0,
                        0
                      ],
                      [
                        0,
                        0
                      ]
                    ],
                    "v": [
                      [
                        376.164,
                        0
                      ],
                      [
                        -15,
                        0
                      ],
                      [
                        -15,
                        305.164
                      ],
                      [
                        376.164,
                        305.164
                      ]
                    ]
                  }
                ],
                "t": 50
              }
            ]
          },
          "x": {
            "a": 0,
            "ix": 4,
            "k": 0
          }
        }
      ],
      "nm": "figure3",
      "op": 250,
      "refId": "image_2",
      "sr": 1,
      "st": 0,
      "ty": 2
    },
    {
      "ao": 0,
      "bm": 0,
      "ddd": 0,
      "hasMask": true,
      "ind": 6,
      "ip": 0,
      "ks": {
        "a": {
          "a": 0,
          "ix": 1,
          "k": [
            184.5,
            149.5,
            0
          ]
        },
        "o": {
          "a": 0,
          "ix": 11,
          "k": 100
        },
        "p": {
          "a": 0,
          "ix": 2,
          "k": [
            566.5,
            989,
            0
          ]
        },
        "r": {
          "a": 0,
          "ix": 10,
          "k": 0
        },
        "s": {
          "a": 0,
          "ix": 6,
          "k": [
            100,
            100,
            100
          ]
        }
      },
      "masksProperties": [
        {
          "inv": false,
          "mode": "a",
          "nm": "蒙版 1",
          "o": {
            "a": 1,
            "ix": 3,
            "k": [
              {
                "i": {
                  "x": [
                    0.833
                  ],
                  "y": [
                    0.833
                  ]
                },
                "o": {
                  "x": [
                    0.167
                  ],
                  "y": [
                    0.167
                  ]
                },
                "s": [
                  0
                ],
                "t": 25
              },
              {
                "s": [
                  100
                ],
                "t": 37
              }
            ]
          },
          "pt": {
            "a": 1,
            "ix": 1,
            "k": [
              {
                "i": {
                  "x": 0.833,
                  "y": 0.833
                },
                "o": {
                  "x": 0.167,
                  "y": 0.167
                },
                "s": [
                  {
                    "c": true,
                    "i": [
                      [
                        0,
                        0
                      ],
                      [
                        0,
                        0
                      ],
                      [
                        0,
                        0
                      ],
                      [
                        0,
                        0
                      ]
                    ],
                    "o": [
                      [
                        0,
                        0
                      ],
                      [
                        0,
                        0
                      ],
                      [
                        0,
                        0
                      ],
                      [
                        0,
                        0
                      ]
                    ],
                    "v": [
                      [
                        389.164,
                        -0.5
                      ],
                      [
                        377,
                        -0.5
                      ],
                      [
                        377,
                        304.664
                      ],
                      [
                        389.164,
                        304.664
                      ]
                    ]
                  }
                ],
                "t": 25
              },
              {
                "s": [
                  {
                    "c": true,
                    "i": [
                      [
                        0,
                        0
                      ],
                      [
                        0,
                        0
                      ],
                      [
                        0,
                        0
                      ],
                      [
                        0,
                        0
                      ]
                    ],
                    "o": [
                      [
                        0,
                        0
                      ],
                      [
                        0,
                        0
                      ],
                      [
                        0,
                        0
                      ],
                      [
                        0,
                        0
                      ]
                    ],
                    "v": [
                      [
                        376.164,
                        0
                      ],
                      [
                        -15,
                        0
                      ],
                      [
                        -15,
                        305.164
                      ],
                      [
                        376.164,
                        305.164
                      ]
                    ]
                  }
                ],
                "t": 37
              }
            ]
          },
          "x": {
            "a": 0,
            "ix": 4,
            "k": 0
          }
        }
      ],
      "nm": "figure4",
      "op": 250,
      "refId": "image_3",
      "sr": 1,
      "st": 0,
      "ty": 2
    },
    {
      "ao": 0,
      "bm": 0,
      "cl": "jpg",
      "ddd": 0,
      "ind": 7,
      "ip": 0,
      "ks": {
        "a": {
          "a": 0,
          "ix": 1,
          "k": [
            376.5,
            217,
            0
          ]
        },
        "o": {
          "a": 1,
          "ix": 11,
          "k": [
            {
              "i": {
                "x": [
                  0.833
                ],
                "y": [
                  0.833
                ]
              },
              "o": {
                "x": [
                  0.167
                ],
                "y": [
                  0.167
                ]
              },
              "s": [
                0
              ],
              "t": 0
            },
            {
              "i": {
                "x": [
                  0.833
                ],
                "y": [
                  0.833
                ]
              },
              "o": {
                "x": [
                  0.167
                ],
                "y": [
                  0.167
                ]
              },
              "s": [
                100
              ],
              "t": 7
            },
            {
              "i": {
                "x": [
                  0.833
                ],
                "y": [
                  0.833
                ]
              },
              "o": {
                "x": [
                  0.167
                ],
                "y": [
                  0.167
                ]
              },
              "s": [
                0
              ],
              "t": 13
            },
            {
              "i": {
                "x": [
                  0.833
                ],
                "y": [
                  0.833
                ]
              },
              "o": {
                "x": [
                  0.167
                ],
                "y": [
                  0.167
                ]
              },
              "s": [
                100
              ],
              "t": 19
            },
            {
              "s": [
                1
              ],
              "t": 25
            }
          ]
        },
        "p": {
          "a": 1,
          "ix": 2,
          "k": [
            {
              "i": {
                "x": 0.833,
                "y": 0.833
              },
              "o": {
                "x": 0.167,
                "y": 0.167
              },
              "s": [
                -378,
                398,
                0
              ],
              "t": 0,
              "ti": [
                -125.333,
                0,
                0
              ],
              "to": [
                125.333,
                0,
                0
              ]
            },
            {
              "s": [
                374,
                398,
                0
              ],
              "t": 25
            }
          ]
        },
        "r": {
          "a": 0,
          "ix": 10,
          "k": 0
        },
        "s": {
          "a": 0,
          "ix": 6,
          "k": [
            100,
            100,
            100
          ]
        }
      },
      "nm": "长图上.jpg",
      "op": 250,
      "refId": "image_4",
      "sr": 1,
      "st": 0,
      "ty": 2
    },
    {
      "ao": 0,
      "bm": 0,
      "cl": "jpg",
      "ddd": 0,
      "ind": 8,
      "ip": 0,
      "ks": {
        "a": {
          "a": 0,
          "ix": 1,
          "k": [
            376.5,
            217,
            0
          ]
        },
        "o": {
          "a": 1,
          "ix": 11,
          "k": [
            {
              "i": {
                "x": [
                  0.833
                ],
                "y": [
                  0.833
                ]
              },
              "o": {
                "x": [
                  0.167
                ],
                "y": [
                  0.167
                ]
              },
              "s": [
                0
              ],
              "t": 0
            },
            {
              "i": {
                "x": [
                  0.833
                ],
                "y": [
                  0.833
                ]
              },
              "o": {
                "x": [
                  0.167
                ],
                "y": [
                  0.167
                ]
              },
              "s": [
                100
              ],
              "t": 7
            },
            {
              "i": {
                "x": [
                  0.833
                ],
                "y": [
                  0.833
                ]
              },
              "o": {
                "x": [
                  0.167
                ],
                "y": [
                  0.167
                ]
              },
              "s": [
                0
              ],
              "t": 13
            },
            {
              "i": {
                "x": [
                  0.833
                ],
                "y": [
                  0.833
                ]
              },
              "o": {
                "x": [
                  0.167
                ],
                "y": [
                  0.167
                ]
              },
              "s": [
                100
              ],
              "t": 19
            },
            {
              "s": [
                1
              ],
              "t": 25
            }
          ]
        },
        "p": {
          "a": 1,
          "ix": 2,
          "k": [
            {
              "i": {
                "x": 0.833,
                "y": 0.833
              },
              "o": {
                "x": 0.167,
                "y": 0.167
              },
              "s": [
                1134.5,
                988,
                0
              ],
              "t": 0,
              "ti": [
                126.333,
                0,
                0
              ],
              "to": [
                -126.333,
                0,
                0
              ]
            },
            {
              "s": [
                376.5,
                988,
                0
              ],
              "t": 25
            }
          ]
        },
        "r": {
          "a": 0,
          "ix": 10,
          "k": 0
        },
        "s": {
          "a": 0,
          "ix": 6,
          "k": [
            101.328,
            100,
            100
          ]
        }
      },
      "nm": "长图下.jpg",
      "op": 250,
      "refId": "image_5",
      "sr": 1,
      "st": 0,
      "ty": 2
    },
    {
      "ao": 0,
      "bm": 0,
      "cl": "jpg",
      "ddd": 0,
      "ind": 9,
      "ip": 0,
      "ks": {
        "a": {
          "a": 0,
          "ix": 1,
          "k": [
            376.5,
            217,
            0
          ]
        },
        "o": {
          "a": 0,
          "ix": 11,
          "k": 100
        },
        "p": {
          "a": 0,
          "ix": 2,
          "k": [
            375,
            399,
            0
          ]
        },
        "r": {
          "a": 0,
          "ix": 10,
          "k": 0
        },
        "s": {
          "a": 0,
          "ix": 6,
          "k": [
            100,
            100,
            100
          ]
        }
      },
      "nm": "相框下.jpg",
      "op": 250,
      "refId": "image_6",
      "sr": 1,
      "st": 0,
      "ty": 2
    },
    {
      "ao": 0,
      "bm": 0,
      "cl": "jpg",
      "ddd": 0,
      "ind": 10,
      "ip": 0,
      "ks": {
        "a": {
          "a": 0,
          "ix": 1,
          "k": [
            376.5,
            217,
            0
          ]
        },
        "o": {
          "a": 0,
          "ix": 11,
          "k": 100
        },
        "p": {
          "a": 0,
          "ix": 2,
          "k": [
            373,
            989,
            0
          ]
        },
        "r": {
          "a": 0,
          "ix": 10,
          "k": 0
        },
        "s": {
          "a": 0,
          "ix": 6,
          "k": [
            100,
            100,
            100
          ]
        }
      },
      "nm": "相框上.jpg",
      "op": 250,
      "refId": "image_7",
      "sr": 1,
      "st": 0,
      "ty": 2
    },
    {
      "ao": 0,
      "bm": 0,
      "ddd": 0,
      "ind": 11,
      "ip": 0,
      "ks": {
        "a": {
          "a": 0,
          "ix": 1,
          "k": [
            0,
            0,
            0
          ]
        },
        "o": {
          "a": 0,
          "ix": 11,
          "k": 100
        },
        "p": {
          "a": 0,
          "ix": 2,
          "k": [
            375,
            667,
            0
          ]
        },
        "r": {
          "a": 0,
          "ix": 10,
          "k": 0
        },
        "s": {
          "a": 0,
          "ix": 6,
          "k": [
            100,
            100,
            100
          ]
        }
      },
      "nm": "形状图层 1",
      "op": 250,
      "shapes": [
        {
          "bm": 0,
          "cix": 2,
          "hd": false,
          "it": [
            {
              "d": 1,
              "hd": false,
              "mn": "ADBE Vector Shape - Rect",
              "nm": "矩形路径 1",
              "p": {
                "a": 0,
                "ix": 3,
                "k": [
                  0,
                  0
                ]
              },
              "r": {
                "a": 0,
                "ix": 4,
                "k": 0
              },
              "s": {
                "a": 0,
                "ix": 2,
                "k": [
                  760.922,
                  1343.234
                ]
              },
              "ty": "rc"
            },
            {
              "bm": 0,
              "c": {
                "a": 0,
                "ix": 4,
                "k": [
                  1,
                  1,
                  1,
                  1
                ]
              },
              "hd": false,
              "mn": "ADBE Vector Graphic - Fill",
              "nm": "填充 1",
              "o": {
                "a": 0,
                "ix": 5,
                "k": 100
              },
              "r": 1,
              "ty": "fl"
            },
            {
              "a": {
                "a": 0,
                "ix": 1,
                "k": [
                  0,
                  0
                ]
              },
              "nm": "变换",
              "o": {
                "a": 0,
                "ix": 7,
                "k": 100
              },
              "p": {
                "a": 0,
                "ix": 2,
                "k": [
                  5.461,
                  4.617
                ]
              },
              "r": {
                "a": 0,
                "ix": 6,
                "k": 0
              },
              "s": {
                "a": 0,
                "ix": 3,
                "k": [
                  100,
                  100
                ]
              },
              "sa": {
                "a": 0,
                "ix": 5,
                "k": 0
              },
              "sk": {
                "a": 0,
                "ix": 4,
                "k": 0
              },
              "ty": "tr"
            }
          ],
          "ix": 1,
          "mn": "ADBE Vector Group",
          "nm": "矩形 1",
          "np": 3,
          "ty": "gr"
        }
      ],
      "sr": 1,
      "st": 0,
      "ty": 4
    }
  ],
  "markers": [],
  "nm": "合成 1",
  "op": 200,
  "v": "5.5.3",
  "w": 750
}