{
  "elements": [
    {
      "constraints": {
        "height": {
          "constant": 0.0, 
          "percentage": 0.2241
        }, 
        "left": {
          "constant": 0.0, 
          "percentage": 0.0
        }, 
        "right": {
          "constant": 0.0, 
          "percentage": 0.508
        }, 
        "top": {
          "constant": 0.0, 
          "percentage": 0.1844
        }
      }, 
      "id": "0", 
      "mediaId": "0", 
      "imageId": "image_0",
      "type": "media",
      "keyPath": "figure1",
      "contentSize":[
        369,
        299
      ]
    }, 
    {
      "constraints": {
        "height": {
          "constant": 0.0, 
          "percentage": 0.2241
        }, 
        "left": {
          "constant": 0.0, 
          "percentage": 0.508
        }, 
        "right": {
          "constant": 0.0, 
          "percentage": 0.0
        }, 
        "top": {
          "constant": 0.0, 
          "percentage": 0.1844
        }
      }, 
      "id": "1", 
      "mediaId": "1",
      "imageId": "image_1", 
      "type": "media",
      "keyPath": "figure2",
      "contentSize":[
        369,
        299
      ]
    }, 
    {
      "constraints": {
        "height": {
          "constant": 0.0, 
          "percentage": 0.2241
        }, 
        "left": {
          "constant": 0.0, 
          "percentage": 0.0
        }, 
        "right": {
          "constant": 0.0, 
          "percentage": 0.508
        }, 
        "top": {
          "constant": 0.0, 
          "percentage": 0.6297
        }
      }, 
      "id": "2", 
      "mediaId": "2", 
      "imageId": "image_2",
      "type": "media",
      "keyPath": "figure3",
      "contentSize":[
        369,
        299
      ]
    }, 
    {
      "constraints": {
        "height": {
          "constant": 0.0, 
          "percentage": 0.2241
        }, 
        "left": {
          "constant": 0.0, 
          "percentage": 0.508
        }, 
        "right": {
          "constant": 0.0, 
          "percentage": 0.0
        }, 
        "top": {
          "constant": 0.0, 
          "percentage": 0.6297
        }
      }, 
      "id": "3", 
      "mediaId": "3", 
      "imageId": "image_3",
      "type": "media",
      "keyPath": "figure4",
      "contentSize":[
        369,
        299
      ]
    }, 
    {
      "constraints": {
        "bottom": {
          "constant": 0.0, 
          "percentage": 0.0
        }, 
        "left": {
          "constant": 0.0, 
          "percentage": 0.0
        }, 
        "right": {
          "constant": 0.0, 
          "percentage": 0.0
        }, 
        "top": {
          "constant": 0.0, 
          "percentage": 0.0
        }
      }, 
      "id": "4", 
      "imageName": "template_widget_10008.png", 
      "type": "image"
    }, 
    {
      "canvasWidth": 375, 
      "constraints": {
        "left": {
          "constant": 0.0, 
          "percentage": 0.354
        }, 
        "right": {
          "constant": 0.0, 
          "percentage": 0.354
        }, 
        "top": {
          "constant": 0.0, 
          "percentage": 0.0743
        }
      }, 
      "fontName": "youngerthanme", 
      "fontSize": 18, 
      "id": "5", 
      "placeHolder": "Life Vlog", 
      "textAlignment": "center", 
      "textColor": "030303", 
      "textId": "0", 
      "type": "text",
      "keyPath": "text1",
      "contentSize":[
        211,
        41
      ],
      "animation":{
        "name": "data.json",
        "type": 1,
        "resourceDirectory": "/text1"
      }
    }, 
    {
      "canvasWidth": 375, 
      "constraints": {
        "left": {
          "constant": 0.0, 
          "percentage": 0.1827
        }, 
        "right": {
          "constant": 0.0, 
          "percentage": 0.1827
        }, 
        "top": {
          "constant": 0.0, 
          "percentage": 0.503
        }
      }, 
      "fontName": "youngerthanme", 
      "fontSize": 18, 
      "id": "6", 
      "placeHolder": "Journey $ landscape", 
      "textAlignment": "center", 
      "textColor": "030303", 
      "textId": "1", 
      "type": "text",
      "keyPath": "text2",
      "contentSize":[
        489,
        44
      ],
      "animation":{
        "name": "data.json",
        "type": 1,
        "resourceDirectory": "/text2"
      }
    }
  ], 
  "animation":{
    "name": "data.json",
    "type": 1,
    "resourceDirectory": "/"
  },
  "templateId": 10008
}
