{"v":"5.5.3","fr":25,"ip":0,"op":200,"w":750,"h":1334,"nm":"合成 1","ddd":0,"assets":[],"fonts":{"list":[{"origin":0,"fPath":"","fClass":"","fFamily":"Younger than me","fWeight":"","fStyle":"Bold","fName":"Youngerthanme","ascent":77.0492553710938}]},"layers":[{"ddd":0,"ind":2,"ty":5,"nm":"text2","sr":1,"ks":{"o":{"a":1,"k":[{"i":{"x":[0.833],"y":[0.833]},"o":{"x":[0.167],"y":[0.167]},"t":13,"s":[1]},{"t":33,"s":[100]}],"ix":11},"r":{"a":0,"k":0,"ix":10},"p":{"a":1,"k":[{"i":{"x":0.833,"y":0.833},"o":{"x":0.167,"y":0.167},"t":13,"s":[379.363,354.5,0],"to":[0,-5,0],"ti":[0,5,0]},{"t":33,"s":[379.363,324.5,0]}],"ix":2},"a":{"a":0,"k":[0,0,0],"ix":1},"s":{"a":0,"k":[100,100,100],"ix":6}},"ao":0,"t":{"d":{"k":[{"s":{"s":26,"f":"Youngerthanme","t":"I am blessed with a funny gene that \rmakes me enjoy life.\r","j":2,"tr":50,"lh":36,"ls":0,"fc":[0.008,0.008,0.008]},"t":0}]},"p":{},"m":{"g":1,"a":{"a":0,"k":[0,0],"ix":2}},"a":[]},"ip":0,"op":250,"st":0,"bm":0}],"markers":[]}