{
  "assets": [
    {
      "e": 0,
      "h": 179,
      "id": "image_0",
      "p": "img_0.png",
      "u": "images/",
      "w": 36
    },
    {
      "e": 0,
      "h": 580,
      "id": "image_1",
      "p": "img_1.png",
      "u": "images/",
      "w": 572
    },
    {
      "e": 0,
      "h": 661,
      "id": "image_2",
      "p": "img_2.png",
      "u": "images/",
      "w": 661
    },
    {
      "e": 0,
      "h": 612,
      "id": "image_3",
      "p": "img_3.png",
      "u": "images/",
      "w": 612
    }
  ],
  "ddd": 0,
  "fr": 25,
  "h": 1334,
  "ip": 0,
  "layers": [
    {
      "ao": 0,
      "bm": 0,
      "cl": "png",
      "ddd": 0,
      "ind": 3,
      "ip": 0,
      "ks": {
        "a": {
          "a": 0,
          "ix": 1,
          "k": [
            18,
            89.5,
            0
          ]
        },
        "o": {
          "a": 0,
          "ix": 11,
          "k": 100
        },
        "p": {
          "a": 0,
          "ix": 2,
          "k": [
            644,
            1157,
            0
          ]
        },
        "r": {
          "a": 0,
          "ix": 10,
          "k": 0
        },
        "s": {
          "a": 0,
          "ix": 6,
          "k": [
            100,
            100,
            100
          ]
        }
      },
      "nm": "条形码.png",
      "op": 250,
      "refId": "image_0",
      "sr": 1,
      "st": 0,
      "ty": 2
    },
    {
      "ao": 0,
      "bm": 0,
      "ddd": 0,
      "ind": 4,
      "ip": 0,
      "ks": {
        "a": {
          "a": 0,
          "ix": 1,
          "k": [
            286,
            290,
            0
          ]
        },
        "o": {
          "a": 0,
          "ix": 11,
          "k": 100
        },
        "p": {
          "a": 0,
          "ix": 2,
          "k": [
            375,
            957,
            0
          ]
        },
        "r": {
          "a": 0,
          "ix": 10,
          "k": 0
        },
        "s": {
          "a": 0,
          "ix": 6,
          "k": [
            100,
            100,
            100
          ]
        }
      },
      "nm": "figure",
      "op": 250,
      "refId": "image_1",
      "sr": 1,
      "st": 0,
      "ty": 2
    },
    {
      "ao": 0,
      "bm": 0,
      "cl": "png",
      "ddd": 0,
      "ind": 5,
      "ip": 0,
      "ks": {
        "a": {
          "a": 0,
          "ix": 1,
          "k": [
            330.5,
            330.5,
            0
          ]
        },
        "o": {
          "a": 0,
          "ix": 11,
          "k": 100
        },
        "p": {
          "a": 0,
          "ix": 2,
          "k": [
            376,
            956,
            0
          ]
        },
        "r": {
          "a": 0,
          "ix": 10,
          "k": 0
        },
        "s": {
          "a": 0,
          "ix": 6,
          "k": [
            100,
            100,
            100
          ]
        }
      },
      "nm": "碟框.png",
      "op": 250,
      "refId": "image_2",
      "sr": 1,
      "st": 0,
      "ty": 2
    },
    {
      "ao": 0,
      "bm": 0,
      "cl": "png",
      "ddd": 0,
      "ind": 6,
      "ip": 0,
      "ks": {
        "a": {
          "a": 0,
          "ix": 1,
          "k": [
            306,
            306,
            0
          ]
        },
        "o": {
          "a": 0,
          "ix": 11,
          "k": 100
        },
        "p": {
          "a": 0,
          "ix": 2,
          "k": [
            376,
            718,
            0
          ]
        },
        "r": {
          "a": 1,
          "ix": 10,
          "k": [
            {
              "i": {
                "x": [
                  0.833
                ],
                "y": [
                  0.833
                ]
              },
              "o": {
                "x": [
                  0.167
                ],
                "y": [
                  0.167
                ]
              },
              "s": [
                0
              ],
              "t": 0
            },
            {
              "i": {
                "x": [
                  0.833
                ],
                "y": [
                  0.833
                ]
              },
              "o": {
                "x": [
                  0.167
                ],
                "y": [
                  0.167
                ]
              },
              "s": [
                360
              ],
              "t": 100
            },
            {
              "s": [
                720
              ],
              "t": 200
            }
          ]
        },
        "s": {
          "a": 0,
          "ix": 6,
          "k": [
            100,
            100,
            100
          ]
        }
      },
      "nm": "碟片.png",
      "op": 250,
      "refId": "image_3",
      "sr": 1,
      "st": 0,
      "ty": 2
    },
    {
      "ao": 0,
      "bm": 0,
      "ddd": 0,
      "ind": 7,
      "ip": 0,
      "ks": {
        "a": {
          "a": 0,
          "ix": 1,
          "k": [
            0,
            0,
            0
          ]
        },
        "o": {
          "a": 0,
          "ix": 11,
          "k": 100
        },
        "p": {
          "a": 0,
          "ix": 2,
          "k": [
            375,
            667,
            0
          ]
        },
        "r": {
          "a": 0,
          "ix": 10,
          "k": 0
        },
        "s": {
          "a": 0,
          "ix": 6,
          "k": [
            100,
            100,
            100
          ]
        }
      },
      "nm": "形状图层 1",
      "op": 250,
      "shapes": [
        {
          "bm": 0,
          "cix": 2,
          "hd": false,
          "it": [
            {
              "d": 1,
              "hd": false,
              "mn": "ADBE Vector Shape - Rect",
              "nm": "矩形路径 1",
              "p": {
                "a": 0,
                "ix": 3,
                "k": [
                  0,
                  0
                ]
              },
              "r": {
                "a": 0,
                "ix": 4,
                "k": 0
              },
              "s": {
                "a": 0,
                "ix": 2,
                "k": [
                  753.109,
                  1350.562
                ]
              },
              "ty": "rc"
            },
            {
              "bm": 0,
              "c": {
                "a": 0,
                "ix": 4,
                "k": [
                  1,
                  1,
                  1,
                  1
                ]
              },
              "hd": false,
              "mn": "ADBE Vector Graphic - Fill",
              "nm": "填充 1",
              "o": {
                "a": 0,
                "ix": 5,
                "k": 100
              },
              "r": 1,
              "ty": "fl"
            },
            {
              "a": {
                "a": 0,
                "ix": 1,
                "k": [
                  0,
                  0
                ]
              },
              "nm": "变换",
              "o": {
                "a": 0,
                "ix": 7,
                "k": 100
              },
              "p": {
                "a": 0,
                "ix": 2,
                "k": [
                  -0.445,
                  0.281
                ]
              },
              "r": {
                "a": 0,
                "ix": 6,
                "k": 0
              },
              "s": {
                "a": 0,
                "ix": 3,
                "k": [
                  100,
                  100
                ]
              },
              "sa": {
                "a": 0,
                "ix": 5,
                "k": 0
              },
              "sk": {
                "a": 0,
                "ix": 4,
                "k": 0
              },
              "ty": "tr"
            }
          ],
          "ix": 1,
          "mn": "ADBE Vector Group",
          "nm": "矩形 1",
          "np": 3,
          "ty": "gr"
        }
      ],
      "sr": 1,
      "st": 0,
      "ty": 4
    }
  ],
  "markers": [],
  "nm": "合成 1",
  "op": 200,
  "v": "5.5.3",
  "w": 750
}