{
  "elements": [
    {
      "constraints": {
        "height": {
          "constant": 0.0, 
          "percentage": 0.4347
        }, 
        "left": {
          "constant": 0.0, 
          "percentage": 0.1187
        }, 
        "right": {
          "constant": 0.0, 
          "percentage": 0.1187
        }, 
        "top": {
          "constant": 0.0, 
          "percentage": 0.4993
        }
      }, 
      "id": "0", 
      "mediaId": "0", 
      "imageId": "image_1",
      "type": "media",
      "keyPath": "figure",
      "contentSize":[
        572,
        580
      ]
    }, 
    {
      "constraints": {
        "bottom": {
          "constant": 0.0, 
          "percentage": 0.0
        }, 
        "left": {
          "constant": 0.0, 
          "percentage": 0.0
        }, 
        "right": {
          "constant": 0.0, 
          "percentage": 0.0
        }, 
        "top": {
          "constant": 0.0, 
          "percentage": 0.0
        }
      }, 
      "id": "1", 
      "imageName": "template_widget_10007.png", 
      "type": "image"
    }, 
    {
      "canvasWidth": 375, 
      "constraints": {
        "left": {
          "constant": 0.0, 
          "percentage": 0.2133
        }, 
        "right": {
          "constant": 0.0, 
          "percentage": 0.212
        }, 
        "top": {
          "constant": 0.0, 
          "percentage": 0.1136
        }
      }, 
      "fontName": "youngerthanme", 
      "fontSize": 45, 
      "id": "2", 
      "placeHolder": "Cherish", 
      "textAlignment": "center", 
      "textColor": "030303", 
      "textId": "0", 
      "type": "text",
      "keyPath":"text1",
      "contentSize":[
        453,
        96
      ],
      "animation":{
        "name": "data.json",
        "type": 1,
        "resourceDirectory": "/text1"
      }
    }, 
    {
      "canvasWidth": 375, 
      "constraints": {
        "left": {
          "constant": 0.0, 
          "percentage": 0.104
        }, 
        "right": {
          "constant": 0.0, 
          "percentage": 0.1027
        }, 
        "top": {
          "constant": 0.0, 
          "percentage": 0.2248
        }
      }, 
      "fontName": "youngerthanme", 
      "fontSize": 13, 
      "id": "3", 
      "placeHolder": "I am blessed with a funny gene that makes me enjoy life.", 
      "textAlignment": "center", 
      "textColor": "020202", 
      "textId": "1", 
      "type": "text",
      "keyPath": "text2",
      "contentSize":[
        600,
        66
      ],
      "animation":{
        "name": "data.json",
        "type": 1,
        "resourceDirectory": "/text2"
      }
    }
  ], 
  "animation":{
    "name": "data.json",
    "type": 1,
    "resourceDirectory": "/"
  },
  "templateId": 10007
}