{"v":"5.5.3","fr":25,"ip":0,"op":200,"w":750,"h":1334,"nm":"合成 1","ddd":0,"assets":[],"fonts":{"list":[{"origin":0,"fPath":"","fClass":"","fFamily":"Younger than me","fWeight":"","fStyle":"Bold","fName":"Youngerthanme","ascent":77.0492553710938}]},"layers":[{"ddd":0,"ind":2,"ty":5,"nm":"text1","sr":1,"ks":{"o":{"a":1,"k":[{"i":{"x":[0.833],"y":[0.833]},"o":{"x":[0.167],"y":[0.167]},"t":0,"s":[0]},{"t":25,"s":[100]}],"ix":11},"r":{"a":0,"k":0,"ix":10},"p":{"a":0,"k":[374.864,234,0],"ix":2},"a":{"a":0,"k":[0,0,0],"ix":1},"s":{"a":1,"k":[{"i":{"x":[0.833,0.833,0.833],"y":[0.833,0.833,0.833]},"o":{"x":[0.167,0.167,0.167],"y":[0.167,0.167,0.167]},"t":0,"s":[110,110,100]},{"t":25,"s":[100,100,100]}],"ix":6}},"ao":0,"t":{"d":{"k":[{"s":{"s":93,"f":"Youngerthanme","t":"Cherish","j":2,"tr":50,"lh":111.6,"ls":0,"fc":[0.012,0.012,0.012]},"t":0}]},"p":{},"m":{"g":1,"a":{"a":0,"k":[0,0],"ix":2}},"a":[]},"ip":0,"op":250,"st":0,"bm":0}],"markers":[]}