{
  "assets": [
    {
      "e": 0,
      "h": 96,
      "id": "image_0",
      "p": "img_0.png",
      "u": "images/",
      "w": 453
    }
  ],
  "ddd": 0,
  "fr": 25,
  "h": 1334,
  "ip": 0,
  "layers": [
    {
      "ao": 0,
      "bm": 0,
      "ddd": 0,
      "ind": 1,
      "ip": 0,
      "ks": {
        "a": {
          "a": 0,
          "ix": 1,
          "k": [
            226.5,
            48,
            0
          ]
        },
        "o": {
          "a": 1,
          "ix": 11,
          "k": [
            {
              "i": {
                "x": [
                  0.833
                ],
                "y": [
                  0.833
                ]
              },
              "o": {
                "x": [
                  0.167
                ],
                "y": [
                  0.167
                ]
              },
              "s": [
                0
              ],
              "t": 0
            },
            {
              "s": [
                100
              ],
              "t": 25
            }
          ]
        },
        "p": {
          "a": 0,
          "ix": 2,
          "k": [
            371.5,
            209,
            0
          ]
        },
        "r": {
          "a": 0,
          "ix": 10,
          "k": 0
        },
        "s": {
          "a": 1,
          "ix": 6,
          "k": [
            {
              "i": {
                "x": [
                  0.833,
                  0.833,
                  0.833
                ],
                "y": [
                  0.833,
                  0.833,
                  0.833
                ]
              },
              "o": {
                "x": [
                  0.167,
                  0.167,
                  0.167
                ],
                "y": [
                  0.167,
                  0.167,
                  0.167
                ]
              },
              "s": [
                110,
                110,
                100
              ],
              "t": 0
            },
            {
              "s": [
                100,
                100,
                100
              ],
              "t": 25
            }
          ]
        }
      },
      "nm": "text1",
      "op": 250,
      "refId": "image_0",
      "sr": 1,
      "st": 0,
      "ty": 2
    }
  ],
  "markers": [],
  "nm": "合成 1",
  "op": 200,
  "v": "5.5.3",
  "w": 750
}