{
  "assets": [
    {
      "e": 0,
      "h": 953,
      "id": "image_0",
      "p": "img_0.png",
      "u": "images/",
      "w": 678
    }
  ],
  "ddd": 0,
  "fr": 25,
  "h": 1334,
  "ip": 0,
  "layers": [
    {
      "ao": 0,
      "bm": 0,
      "ddd": 0,
      "hasMask": true,
      "ind": 1,
      "ip": 0,
      "ks": {
        "a": {
          "a": 0,
          "ix": 1,
          "k": [
            0,
            0,
            0
          ]
        },
        "o": {
          "a": 1,
          "ix": 11,
          "k": [
            {
              "i": {
                "x": [
                  0.833
                ],
                "y": [
                  0.833
                ]
              },
              "o": {
                "x": [
                  0.167
                ],
                "y": [
                  0.167
                ]
              },
              "s": [
                100
              ],
              "t": 0
            },
            {
              "s": [
                0
              ],
              "t": 35
            }
          ]
        },
        "p": {
          "a": 0,
          "ix": 2,
          "k": [
            379,
            667,
            0
          ]
        },
        "r": {
          "a": 0,
          "ix": 10,
          "k": 0
        },
        "s": {
          "a": 0,
          "ix": 6,
          "k": [
            96.467,
            96.632,
            100
          ]
        }
      },
      "masksProperties": [
        {
          "inv": false,
          "mode": "a",
          "nm": "蒙版 1",
          "o": {
            "a": 0,
            "ix": 3,
            "k": 100
          },
          "pt": {
            "a": 1,
            "ix": 1,
            "k": [
              {
                "i": {
                  "x": 0.5,
                  "y": 1
                },
                "o": {
                  "x": 0,
                  "y": 0
                },
                "s": [
                  {
                    "c": true,
                    "i": [
                      [
                        0,
                        0
                      ],
                      [
                        0,
                        0
                      ],
                      [
                        0,
                        0
                      ],
                      [
                        0,
                        0
                      ]
                    ],
                    "o": [
                      [
                        0,
                        0
                      ],
                      [
                        0,
                        0
                      ],
                      [
                        0,
                        0
                      ],
                      [
                        0,
                        0
                      ]
                    ],
                    "v": [
                      [
                        -341.938,
                        -506.5
                      ],
                      [
                        -366.5,
                        -506.5
                      ],
                      [
                        -366.5,
                        483.484
                      ],
                      [
                        -341.938,
                        483.484
                      ]
                    ]
                  }
                ],
                "t": 0
              },
              {
                "s": [
                  {
                    "c": true,
                    "i": [
                      [
                        0,
                        0
                      ],
                      [
                        0,
                        0
                      ],
                      [
                        0,
                        0
                      ],
                      [
                        0,
                        0
                      ]
                    ],
                    "o": [
                      [
                        0,
                        0
                      ],
                      [
                        0,
                        0
                      ],
                      [
                        0,
                        0
                      ],
                      [
                        0,
                        0
                      ]
                    ],
                    "v": [
                      [
                        336.063,
                        -506.5
                      ],
                      [
                        -490.5,
                        -506.5
                      ],
                      [
                        -490.5,
                        483.484
                      ],
                      [
                        340.063,
                        487.484
                      ]
                    ]
                  }
                ],
                "t": 35
              }
            ]
          },
          "x": {
            "a": 0,
            "ix": 4,
            "k": 0
          }
        }
      ],
      "nm": "形状图层 2",
      "op": 250,
      "shapes": [
        {
          "bm": 0,
          "cix": 2,
          "hd": false,
          "it": [
            {
              "d": 1,
              "hd": false,
              "mn": "ADBE Vector Shape - Rect",
              "nm": "矩形路径 1",
              "p": {
                "a": 0,
                "ix": 3,
                "k": [
                  0,
                  0
                ]
              },
              "r": {
                "a": 0,
                "ix": 4,
                "k": 0
              },
              "s": {
                "a": 0,
                "ix": 2,
                "k": [
                  656.719,
                  949.344
                ]
              },
              "ty": "rc"
            },
            {
              "bm": 0,
              "c": {
                "a": 0,
                "ix": 4,
                "k": [
                  0.002910539216,
                  0.002868204725,
                  0.002854094085,
                  1
                ]
              },
              "hd": false,
              "mn": "ADBE Vector Graphic - Fill",
              "nm": "填充 1",
              "o": {
                "a": 0,
                "ix": 5,
                "k": 100
              },
              "r": 1,
              "ty": "fl"
            },
            {
              "a": {
                "a": 0,
                "ix": 1,
                "k": [
                  0,
                  0
                ]
              },
              "nm": "变换",
              "o": {
                "a": 0,
                "ix": 7,
                "k": 100
              },
              "p": {
                "a": 0,
                "ix": 2,
                "k": [
                  -6.641,
                  -0.328
                ]
              },
              "r": {
                "a": 0,
                "ix": 6,
                "k": 0
              },
              "s": {
                "a": 0,
                "ix": 3,
                "k": [
                  100,
                  100
                ]
              },
              "sa": {
                "a": 0,
                "ix": 5,
                "k": 0
              },
              "sk": {
                "a": 0,
                "ix": 4,
                "k": 0
              },
              "ty": "tr"
            }
          ],
          "ix": 1,
          "mn": "ADBE Vector Group",
          "nm": "矩形 1",
          "np": 3,
          "ty": "gr"
        }
      ],
      "sr": 1,
      "st": 0,
      "ty": 4
    },
    {
      "ao": 0,
      "bm": 0,
      "ddd": 0,
      "hasMask": true,
      "ind": 3,
      "ip": 0,
      "ks": {
        "a": {
          "a": 0,
          "ix": 1,
          "k": [
            339,
            476.5,
            0
          ]
        },
        "o": {
          "a": 0,
          "ix": 11,
          "k": 100
        },
        "p": {
          "a": 0,
          "ix": 2,
          "k": [
            375,
            667,
            0
          ]
        },
        "r": {
          "a": 0,
          "ix": 10,
          "k": 0
        },
        "s": {
          "a": 0,
          "ix": 6,
          "k": [
            100,
            100,
            100
          ]
        }
      },
      "masksProperties": [
        {
          "inv": false,
          "mode": "a",
          "nm": "蒙版 1",
          "o": {
            "a": 0,
            "ix": 3,
            "k": 100
          },
          "pt": {
            "a": 1,
            "ix": 1,
            "k": [
              {
                "i": {
                  "x": 0.5,
                  "y": 1
                },
                "o": {
                  "x": 0,
                  "y": 0
                },
                "s": [
                  {
                    "c": true,
                    "i": [
                      [
                        0,
                        0
                      ],
                      [
                        0,
                        0
                      ],
                      [
                        0,
                        0
                      ],
                      [
                        0,
                        0
                      ]
                    ],
                    "o": [
                      [
                        0,
                        0
                      ],
                      [
                        0,
                        0
                      ],
                      [
                        0,
                        0
                      ],
                      [
                        0,
                        0
                      ]
                    ],
                    "v": [
                      [
                        -3.438,
                        -30.5
                      ],
                      [
                        -28,
                        -30.5
                      ],
                      [
                        -28,
                        959.484
                      ],
                      [
                        -3.438,
                        959.484
                      ]
                    ]
                  }
                ],
                "t": 0
              },
              {
                "s": [
                  {
                    "c": true,
                    "i": [
                      [
                        0,
                        0
                      ],
                      [
                        0,
                        0
                      ],
                      [
                        0,
                        0
                      ],
                      [
                        0,
                        0
                      ]
                    ],
                    "o": [
                      [
                        0,
                        0
                      ],
                      [
                        0,
                        0
                      ],
                      [
                        0,
                        0
                      ],
                      [
                        0,
                        0
                      ]
                    ],
                    "v": [
                      [
                        674.563,
                        -30.5
                      ],
                      [
                        -152,
                        -30.5
                      ],
                      [
                        -152,
                        959.484
                      ],
                      [
                        678.563,
                        963.484
                      ]
                    ]
                  }
                ],
                "t": 35
              }
            ]
          },
          "x": {
            "a": 0,
            "ix": 4,
            "k": 0
          }
        }
      ],
      "nm": "figure",
      "op": 250,
      "refId": "image_0",
      "sr": 1,
      "st": 0,
      "ty": 2
    },
    {
      "ao": 0,
      "bm": 0,
      "ddd": 0,
      "ind": 4,
      "ip": 0,
      "ks": {
        "a": {
          "a": 0,
          "ix": 1,
          "k": [
            0,
            0,
            0
          ]
        },
        "o": {
          "a": 0,
          "ix": 11,
          "k": 100
        },
        "p": {
          "a": 0,
          "ix": 2,
          "k": [
            375,
            667,
            0
          ]
        },
        "r": {
          "a": 0,
          "ix": 10,
          "k": 0
        },
        "s": {
          "a": 0,
          "ix": 6,
          "k": [
            100,
            100,
            100
          ]
        }
      },
      "nm": "形状图层 1",
      "op": 250,
      "shapes": [
        {
          "bm": 0,
          "cix": 2,
          "hd": false,
          "it": [
            {
              "d": 1,
              "hd": false,
              "mn": "ADBE Vector Shape - Rect",
              "nm": "矩形路径 1",
              "p": {
                "a": 0,
                "ix": 3,
                "k": [
                  0,
                  0
                ]
              },
              "r": {
                "a": 0,
                "ix": 4,
                "k": 0
              },
              "s": {
                "a": 0,
                "ix": 2,
                "k": [
                  756.641,
                  1340.078
                ]
              },
              "ty": "rc"
            },
            {
              "bm": 0,
              "c": {
                "a": 0,
                "ix": 4,
                "k": [
                  0.999004289216,
                  0.993954108743,
                  0.992270854875,
                  1
                ]
              },
              "hd": false,
              "mn": "ADBE Vector Graphic - Fill",
              "nm": "填充 1",
              "o": {
                "a": 0,
                "ix": 5,
                "k": 100
              },
              "r": 1,
              "ty": "fl"
            },
            {
              "a": {
                "a": 0,
                "ix": 1,
                "k": [
                  0,
                  0
                ]
              },
              "nm": "变换",
              "o": {
                "a": 0,
                "ix": 7,
                "k": 100
              },
              "p": {
                "a": 0,
                "ix": 2,
                "k": [
                  -0.68,
                  -0.961
                ]
              },
              "r": {
                "a": 0,
                "ix": 6,
                "k": 0
              },
              "s": {
                "a": 0,
                "ix": 3,
                "k": [
                  100,
                  100
                ]
              },
              "sa": {
                "a": 0,
                "ix": 5,
                "k": 0
              },
              "sk": {
                "a": 0,
                "ix": 4,
                "k": 0
              },
              "ty": "tr"
            }
          ],
          "ix": 1,
          "mn": "ADBE Vector Group",
          "nm": "矩形 1",
          "np": 3,
          "ty": "gr"
        }
      ],
      "sr": 1,
      "st": 0,
      "ty": 4
    }
  ],
  "markers": [],
  "nm": "合成 1",
  "op": 200,
  "v": "5.5.3",
  "w": 750
}