{
  "assets": [
    {
      "e": 0,
      "h": 84,
      "id": "image_0",
      "p": "img_0.png",
      "u": "images/",
      "w": 603
    }
  ],
  "ddd": 0,
  "fr": 25,
  "h": 1334,
  "ip": 0,
  "layers": [
    {
      "ao": 0,
      "bm": 0,
      "ddd": 0,
      "hasMask": true,
      "ind": 1,
      "ip": 0,
      "ks": {
        "a": {
          "a": 0,
          "ix": 1,
          "k": [
            301.5,
            42,
            0
          ]
        },
        "o": {
          "a": 0,
          "ix": 11,
          "k": 100
        },
        "p": {
          "a": 0,
          "ix": 2,
          "k": [
            373.5,
            1147,
            0
          ]
        },
        "r": {
          "a": 0,
          "ix": 10,
          "k": 0
        },
        "s": {
          "a": 0,
          "ix": 6,
          "k": [
            100,
            100,
            100
          ]
        }
      },
      "masksProperties": [
        {
          "inv": false,
          "mode": "a",
          "nm": "蒙版 1",
          "o": {
            "a": 0,
            "ix": 3,
            "k": 100
          },
          "pt": {
            "a": 1,
            "ix": 1,
            "k": [
              {
                "i": {
                  "x": 0.5,
                  "y": 1
                },
                "o": {
                  "x": 0,
                  "y": 0
                },
                "s": [
                  {
                    "c": true,
                    "i": [
                      [
                        0,
                        0
                      ],
                      [
                        0,
                        0
                      ],
                      [
                        0,
                        0
                      ],
                      [
                        0,
                        0
                      ]
                    ],
                    "o": [
                      [
                        0,
                        0
                      ],
                      [
                        0,
                        0
                      ],
                      [
                        0,
                        0
                      ],
                      [
                        0,
                        0
                      ]
                    ],
                    "v": [
                      [
                        -2.942,
                        -11.802
                      ],
                      [
                        -23.477,
                        -11.802
                      ],
                      [
                        -23.477,
                        114.174
                      ],
                      [
                        -2.942,
                        114.174
                      ]
                    ]
                  }
                ],
                "t": 78
              },
              {
                "s": [
                  {
                    "c": true,
                    "i": [
                      [
                        0,
                        0
                      ],
                      [
                        0,
                        0
                      ],
                      [
                        0,
                        0
                      ],
                      [
                        0,
                        0
                      ]
                    ],
                    "o": [
                      [
                        0,
                        0
                      ],
                      [
                        0,
                        0
                      ],
                      [
                        0,
                        0
                      ],
                      [
                        0,
                        0
                      ]
                    ],
                    "v": [
                      [
                        621,
                        -5.753
                      ],
                      [
                        -25,
                        -5.802
                      ],
                      [
                        -25,
                        120.174
                      ],
                      [
                        621,
                        120.224
                      ]
                    ]
                  }
                ],
                "t": 104
              }
            ]
          },
          "x": {
            "a": 0,
            "ix": 4,
            "k": 0
          }
        }
      ],
      "nm": "text2",
      "op": 250,
      "refId": "image_0",
      "sr": 1,
      "st": 0,
      "ty": 2
    }
  ],
  "markers": [],
  "nm": "合成 1",
  "op": 201,
  "v": "5.5.3",
  "w": 750
}