{"v":"5.5.3","fr":25,"ip":0,"op":201,"w":750,"h":1334,"nm":"合成 1","ddd":0,"assets":[],"fonts":{"list":[{"origin":0,"fPath":"","fClass":"","fFamily":"Younger than me","fWeight":"","fStyle":"Bold","fName":"Youngerthanme","ascent":77.0492553710938}]},"layers":[{"ddd":0,"ind":4,"ty":5,"nm":"text2","sr":1,"ks":{"o":{"a":0,"k":100,"ix":11},"r":{"a":0,"k":0,"ix":10},"p":{"a":0,"k":[379.573,1132,0],"ix":2},"a":{"a":0,"k":[0,0,0],"ix":1},"s":{"a":0,"k":[100,100,100],"ix":6}},"ao":0,"hasMask":true,"masksProperties":[{"inv":false,"mode":"a","pt":{"a":1,"k":[{"i":{"x":0.5,"y":1},"o":{"x":0,"y":0},"t":78,"s":[{"i":[[0,0],[0,0],[0,0],[0,0]],"o":[[0,0],[0,0],[0,0],[0,0]],"v":[[-303.942,-53.302],[-324.477,-53.302],[-324.477,72.674],[-303.942,72.674]],"c":true}]},{"t":104,"s":[{"i":[[0,0],[0,0],[0,0],[0,0]],"o":[[0,0],[0,0],[0,0],[0,0]],"v":[[320,-47.253],[-326,-47.302],[-326,78.674],[320,78.724]],"c":true}]}],"ix":1},"o":{"a":0,"k":100,"ix":3},"x":{"a":0,"k":0,"ix":4},"nm":"蒙版 1"}],"t":{"d":{"k":[{"s":{"s":30,"f":"Youngerthanme","t":"Choosing to be positive\rand having a grateful attitude ","j":2,"tr":50,"lh":48,"ls":0,"fc":[0.012,0.012,0.012]},"t":0}]},"p":{},"m":{"g":1,"a":{"a":0,"k":[0,0],"ix":2}},"a":[]},"ip":0,"op":250,"st":0,"bm":0}],"markers":[]}