{
  "assets": [
    {
      "e": 0,
      "h": 489,
      "id": "image_0",
      "p": "img_0.png",
      "u": "images/",
      "w": 699
    },
    {
      "e": 0,
      "h": 609,
      "id": "image_1",
      "p": "img_1.png",
      "u": "images/",
      "w": 752
    },
    {
      "e": 0,
      "h": 609,
      "id": "image_2",
      "p": "img_2.png",
      "u": "images/",
      "w": 754
    },
    {
      "e": 0,
      "h": 609,
      "id": "image_3",
      "p": "img_3.png",
      "u": "images/",
      "w": 761
    }
  ],
  "ddd": 0,
  "fr": 25,
  "h": 1334,
  "ip": 0,
  "layers": [
    {
      "ao": 0,
      "bm": 0,
      "ddd": 0,
      "ind": 3,
      "ip": 0,
      "ks": {
        "a": {
          "a": 0,
          "ix": 1,
          "k": [
            0,
            0,
            0
          ]
        },
        "o": {
          "a": 1,
          "ix": 11,
          "k": [
            {
              "i": {
                "x": [
                  0.833
                ],
                "y": [
                  0.833
                ]
              },
              "o": {
                "x": [
                  0.167
                ],
                "y": [
                  0.167
                ]
              },
              "s": [
                0
              ],
              "t": 44
            },
            {
              "i": {
                "x": [
                  0.833
                ],
                "y": [
                  0.833
                ]
              },
              "o": {
                "x": [
                  0.167
                ],
                "y": [
                  0.167
                ]
              },
              "s": [
                100
              ],
              "t": 54
            },
            {
              "i": {
                "x": [
                  0.833
                ],
                "y": [
                  0.833
                ]
              },
              "o": {
                "x": [
                  0.167
                ],
                "y": [
                  0.167
                ]
              },
              "s": [
                0
              ],
              "t": 64
            },
            {
              "i": {
                "x": [
                  0.833
                ],
                "y": [
                  0.833
                ]
              },
              "o": {
                "x": [
                  0.167
                ],
                "y": [
                  0.167
                ]
              },
              "s": [
                100
              ],
              "t": 75
            },
            {
              "i": {
                "x": [
                  0.833
                ],
                "y": [
                  0.833
                ]
              },
              "o": {
                "x": [
                  0.167
                ],
                "y": [
                  0.167
                ]
              },
              "s": [
                0
              ],
              "t": 85
            },
            {
              "i": {
                "x": [
                  0.833
                ],
                "y": [
                  0.833
                ]
              },
              "o": {
                "x": [
                  0.167
                ],
                "y": [
                  0.167
                ]
              },
              "s": [
                100
              ],
              "t": 96
            },
            {
              "i": {
                "x": [
                  0.833
                ],
                "y": [
                  0.833
                ]
              },
              "o": {
                "x": [
                  0.167
                ],
                "y": [
                  0.167
                ]
              },
              "s": [
                0
              ],
              "t": 106
            },
            {
              "i": {
                "x": [
                  0.833
                ],
                "y": [
                  0.833
                ]
              },
              "o": {
                "x": [
                  0.167
                ],
                "y": [
                  0.167
                ]
              },
              "s": [
                100
              ],
              "t": 116
            },
            {
              "i": {
                "x": [
                  0.833
                ],
                "y": [
                  0.833
                ]
              },
              "o": {
                "x": [
                  0.167
                ],
                "y": [
                  0.167
                ]
              },
              "s": [
                0
              ],
              "t": 125
            },
            {
              "i": {
                "x": [
                  0.833
                ],
                "y": [
                  0.833
                ]
              },
              "o": {
                "x": [
                  0.167
                ],
                "y": [
                  0.167
                ]
              },
              "s": [
                100
              ],
              "t": 135
            },
            {
              "i": {
                "x": [
                  0.833
                ],
                "y": [
                  0.833
                ]
              },
              "o": {
                "x": [
                  0.167
                ],
                "y": [
                  0.167
                ]
              },
              "s": [
                0
              ],
              "t": 145
            },
            {
              "i": {
                "x": [
                  0.833
                ],
                "y": [
                  0.833
                ]
              },
              "o": {
                "x": [
                  0.167
                ],
                "y": [
                  0.167
                ]
              },
              "s": [
                100
              ],
              "t": 156
            },
            {
              "i": {
                "x": [
                  0.833
                ],
                "y": [
                  0.833
                ]
              },
              "o": {
                "x": [
                  0.167
                ],
                "y": [
                  0.167
                ]
              },
              "s": [
                0
              ],
              "t": 166
            },
            {
              "i": {
                "x": [
                  0.833
                ],
                "y": [
                  0.833
                ]
              },
              "o": {
                "x": [
                  0.167
                ],
                "y": [
                  0.167
                ]
              },
              "s": [
                100
              ],
              "t": 177
            },
            {
              "i": {
                "x": [
                  0.833
                ],
                "y": [
                  0.833
                ]
              },
              "o": {
                "x": [
                  0.167
                ],
                "y": [
                  0.167
                ]
              },
              "s": [
                0
              ],
              "t": 187
            },
            {
              "s": [
                100
              ],
              "t": 197
            }
          ]
        },
        "p": {
          "a": 0,
          "ix": 2,
          "k": [
            377,
            668,
            0
          ]
        },
        "r": {
          "a": 0,
          "ix": 10,
          "k": 0
        },
        "s": {
          "a": 0,
          "ix": 6,
          "k": [
            100,
            100,
            100
          ]
        }
      },
      "nm": "相机圆点",
      "op": 250,
      "shapes": [
        {
          "bm": 0,
          "cix": 2,
          "hd": false,
          "it": [
            {
              "d": 1,
              "hd": false,
              "mn": "ADBE Vector Shape - Ellipse",
              "nm": "椭圆路径 1",
              "p": {
                "a": 0,
                "ix": 3,
                "k": [
                  0,
                  0
                ]
              },
              "s": {
                "a": 0,
                "ix": 2,
                "k": [
                  17.149,
                  17.149
                ]
              },
              "ty": "el"
            },
            {
              "bm": 0,
              "c": {
                "a": 0,
                "ix": 4,
                "k": [
                  0.752374387255,
                  0.038771244124,
                  0.101368010278,
                  1
                ]
              },
              "hd": false,
              "mn": "ADBE Vector Graphic - Fill",
              "nm": "填充 1",
              "o": {
                "a": 0,
                "ix": 5,
                "k": 100
              },
              "r": 1,
              "ty": "fl"
            },
            {
              "a": {
                "a": 0,
                "ix": 1,
                "k": [
                  0,
                  0
                ]
              },
              "nm": "变换",
              "o": {
                "a": 0,
                "ix": 7,
                "k": 100
              },
              "p": {
                "a": 0,
                "ix": 2,
                "k": [
                  -327.351,
                  -219.586
                ]
              },
              "r": {
                "a": 0,
                "ix": 6,
                "k": 0
              },
              "s": {
                "a": 0,
                "ix": 3,
                "k": [
                  100,
                  100
                ]
              },
              "sa": {
                "a": 0,
                "ix": 5,
                "k": 0
              },
              "sk": {
                "a": 0,
                "ix": 4,
                "k": 0
              },
              "ty": "tr"
            }
          ],
          "ix": 1,
          "mn": "ADBE Vector Group",
          "nm": "椭圆 1",
          "np": 3,
          "ty": "gr"
        }
      ],
      "sr": 1,
      "st": 0,
      "ty": 4
    },
    {
      "ao": 0,
      "bm": 0,
      "cl": "png",
      "ddd": 0,
      "ind": 4,
      "ip": 0,
      "ks": {
        "a": {
          "a": 0,
          "ix": 1,
          "k": [
            349.5,
            244.5,
            0
          ]
        },
        "o": {
          "a": 0,
          "ix": 11,
          "k": 100
        },
        "p": {
          "a": 0,
          "ix": 2,
          "k": [
            375,
            667,
            0
          ]
        },
        "r": {
          "a": 0,
          "ix": 10,
          "k": 0
        },
        "s": {
          "a": 1,
          "ix": 6,
          "k": [
            {
              "i": {
                "x": [
                  0.833,
                  0.833,
                  0.833
                ],
                "y": [
                  0.833,
                  0.833,
                  0.833
                ]
              },
              "o": {
                "x": [
                  0.167,
                  0.167,
                  0.167
                ],
                "y": [
                  0.167,
                  0.167,
                  0.167
                ]
              },
              "s": [
                152,
                152,
                100
              ],
              "t": 34
            },
            {
              "s": [
                100,
                100,
                100
              ],
              "t": 52
            }
          ]
        }
      },
      "nm": "相机元素.png",
      "op": 250,
      "refId": "image_0",
      "sr": 1,
      "st": 0,
      "ty": 2
    },
    {
      "ao": 0,
      "bm": 0,
      "cl": "png",
      "ddd": 0,
      "ind": 5,
      "ip": 0,
      "ks": {
        "a": {
          "a": 0,
          "ix": 1,
          "k": [
            376,
            304.5,
            0
          ]
        },
        "o": {
          "a": 1,
          "ix": 11,
          "k": [
            {
              "i": {
                "x": [
                  0.833
                ],
                "y": [
                  0.833
                ]
              },
              "o": {
                "x": [
                  0.167
                ],
                "y": [
                  0.167
                ]
              },
              "s": [
                0
              ],
              "t": 24
            },
            {
              "s": [
                100
              ],
              "t": 35
            }
          ]
        },
        "p": {
          "a": 1,
          "ix": 2,
          "k": [
            {
              "i": {
                "x": 0.833,
                "y": 0.833
              },
              "o": {
                "x": 0.167,
                "y": 0.167
              },
              "s": [
                1123,
                664.5,
                0
              ],
              "t": 24,
              "ti": [
                124.667,
                -0.417,
                0
              ],
              "to": [
                -124.667,
                0.417,
                0
              ]
            },
            {
              "s": [
                375,
                667,
                0
              ],
              "t": 35
            }
          ]
        },
        "r": {
          "a": 0,
          "ix": 10,
          "k": 0
        },
        "s": {
          "a": 0,
          "ix": 6,
          "k": [
            100,
            100,
            100
          ]
        }
      },
      "nm": "相框.png",
      "op": 250,
      "refId": "image_1",
      "sr": 1,
      "st": 0,
      "ty": 2
    },
    {
      "ao": 0,
      "bm": 0,
      "ddd": 0,
      "ind": 6,
      "ip": 0,
      "ks": {
        "a": {
          "a": 0,
          "ix": 1,
          "k": [
            377,
            304.5,
            0
          ]
        },
        "o": {
          "a": 1,
          "ix": 11,
          "k": [
            {
              "i": {
                "x": [
                  0.833
                ],
                "y": [
                  0.833
                ]
              },
              "o": {
                "x": [
                  0.167
                ],
                "y": [
                  0.167
                ]
              },
              "s": [
                0
              ],
              "t": 24
            },
            {
              "s": [
                100
              ],
              "t": 35
            }
          ]
        },
        "p": {
          "a": 0,
          "ix": 2,
          "k": [
            375,
            667,
            0
          ]
        },
        "r": {
          "a": 0,
          "ix": 10,
          "k": 0
        },
        "s": {
          "a": 0,
          "ix": 6,
          "k": [
            100,
            100,
            100
          ]
        }
      },
      "nm": "figure",
      "op": 250,
      "refId": "image_2",
      "sr": 1,
      "st": 0,
      "ty": 2
    },
    {
      "ao": 0,
      "bm": 0,
      "cl": "jpg",
      "ddd": 0,
      "ind": 7,
      "ip": 0,
      "ks": {
        "a": {
          "a": 0,
          "ix": 1,
          "k": [
            380.5,
            304.5,
            0
          ]
        },
        "o": {
          "a": 1,
          "ix": 11,
          "k": [
            {
              "i": {
                "x": [
                  0.833
                ],
                "y": [
                  0.833
                ]
              },
              "o": {
                "x": [
                  0.167
                ],
                "y": [
                  0.167
                ]
              },
              "s": [
                100
              ],
              "t": 0
            },
            {
              "i": {
                "x": [
                  0.833
                ],
                "y": [
                  0.833
                ]
              },
              "o": {
                "x": [
                  0.167
                ],
                "y": [
                  0.167
                ]
              },
              "s": [
                19
              ],
              "t": 8
            },
            {
              "i": {
                "x": [
                  0.833
                ],
                "y": [
                  0.833
                ]
              },
              "o": {
                "x": [
                  0.167
                ],
                "y": [
                  0.167
                ]
              },
              "s": [
                100
              ],
              "t": 17
            },
            {
              "i": {
                "x": [
                  0.833
                ],
                "y": [
                  0.833
                ]
              },
              "o": {
                "x": [
                  0.167
                ],
                "y": [
                  0.167
                ]
              },
              "s": [
                19
              ],
              "t": 24
            },
            {
              "s": [
                2
              ],
              "t": 65
            }
          ]
        },
        "p": {
          "a": 1,
          "ix": 2,
          "k": [
            {
              "i": {
                "x": 0.7,
                "y": 1
              },
              "o": {
                "x": 0,
                "y": 0
              },
              "s": [
                1140,
                667.5,
                0
              ],
              "t": 0,
              "ti": [
                127.333,
                0.167,
                0
              ],
              "to": [
                -127.333,
                -0.167,
                0
              ]
            },
            {
              "s": [
                376,
                666.5,
                0
              ],
              "t": 24
            }
          ]
        },
        "r": {
          "a": 0,
          "ix": 10,
          "k": 0
        },
        "s": {
          "a": 0,
          "ix": 6,
          "k": [
            101.577,
            100,
            100
          ]
        }
      },
      "nm": "相框背景2.jpg",
      "op": 250,
      "refId": "image_3",
      "sr": 1,
      "st": 0,
      "ty": 2
    },
    {
      "ao": 0,
      "bm": 0,
      "ddd": 0,
      "ind": 8,
      "ip": 0,
      "ks": {
        "a": {
          "a": 0,
          "ix": 1,
          "k": [
            0,
            0,
            0
          ]
        },
        "o": {
          "a": 0,
          "ix": 11,
          "k": 100
        },
        "p": {
          "a": 0,
          "ix": 2,
          "k": [
            375,
            663,
            0
          ]
        },
        "r": {
          "a": 0,
          "ix": 10,
          "k": 0
        },
        "s": {
          "a": 0,
          "ix": 6,
          "k": [
            100,
            100,
            100
          ]
        }
      },
      "nm": "形状图层 2",
      "op": 250,
      "shapes": [
        {
          "bm": 0,
          "cix": 2,
          "hd": false,
          "it": [
            {
              "d": 1,
              "hd": false,
              "mn": "ADBE Vector Shape - Rect",
              "nm": "矩形路径 1",
              "p": {
                "a": 0,
                "ix": 3,
                "k": [
                  0,
                  0
                ]
              },
              "r": {
                "a": 0,
                "ix": 4,
                "k": 0
              },
              "s": {
                "a": 0,
                "ix": 2,
                "k": [
                  757.125,
                  1350.328
                ]
              },
              "ty": "rc"
            },
            {
              "bm": 0,
              "c": {
                "a": 0,
                "ix": 4,
                "k": [
                  0.989384191176,
                  0.978991100835,
                  0.975607359643,
                  1
                ]
              },
              "hd": false,
              "mn": "ADBE Vector Graphic - Fill",
              "nm": "填充 1",
              "o": {
                "a": 0,
                "ix": 5,
                "k": 100
              },
              "r": 1,
              "ty": "fl"
            },
            {
              "a": {
                "a": 0,
                "ix": 1,
                "k": [
                  0,
                  0
                ]
              },
              "nm": "变换",
              "o": {
                "a": 0,
                "ix": 7,
                "k": 100
              },
              "p": {
                "a": 0,
                "ix": 2,
                "k": [
                  -0.438,
                  4.164
                ]
              },
              "r": {
                "a": 0,
                "ix": 6,
                "k": 0
              },
              "s": {
                "a": 0,
                "ix": 3,
                "k": [
                  100,
                  100
                ]
              },
              "sa": {
                "a": 0,
                "ix": 5,
                "k": 0
              },
              "sk": {
                "a": 0,
                "ix": 4,
                "k": 0
              },
              "ty": "tr"
            }
          ],
          "ix": 1,
          "mn": "ADBE Vector Group",
          "nm": "矩形 1",
          "np": 3,
          "ty": "gr"
        }
      ],
      "sr": 1,
      "st": 0,
      "ty": 4
    }
  ],
  "markers": [],
  "nm": "合成 1",
  "op": 201,
  "v": "5.5.3",
  "w": 750
}