{
  "elements": [
    {
      "constraints": {
        "height": {
          "constant": 0.0, 
          "percentage": 0.4565
        }, 
        "left": {
          "constant": 0.0, 
          "percentage": 0.0
        }, 
        "right": {
          "constant": 0.0, 
          "percentage": 0.0
        }, 
        "top": {
          "constant": 0.0, 
          "percentage": 0.2721
        }
      }, 
      "id": "0", 
      "mediaId": "0",
      "imageId": "image_2", 
      "type": "media",
      "keyPath": "figure",
      "contentSize":[
        754,
        609
      ]
    }, 
    {
      "constraints": {
        "bottom": {
          "constant": 0.0, 
          "percentage": 0.0
        }, 
        "left": {
          "constant": 0.0, 
          "percentage": 0.0
        }, 
        "right": {
          "constant": 0.0, 
          "percentage": 0.0
        }, 
        "top": {
          "constant": 0.0, 
          "percentage": 0.0
        }
      }, 
      "id": "1", 
      "imageName": "template_widget_10006.png", 
      "type": "image"
    }, 
    {
      "canvasWidth": 375, 
      "constraints": {
        "left": {
          "constant": 0.0, 
          "percentage": 0.1813
        }, 
        "right": {
          "constant": 0.0, 
          "percentage": 0.1813
        }, 
        "top": {
          "constant": 0.0, 
          "percentage": 0.1157
        }
      }, 
      "fontName": "youngerthanme", 
      "fontSize": 40, 
      "id": "2", 
      "placeHolder": "Gorgeous", 
      "textAlignment": "center", 
      "textColor": "000000", 
      "textId": "0", 
      "type": "text",
      "keyPath": "text1",
      "contentSize":[
        492,
        72
      ],
      "animation": {
        "name": "data.json",
        "type": 1,
        "resourceDirectory": "/text1"
      }
    }, 
    {
      "canvasWidth": 375, 
      "constraints": {
        "left": {
          "constant": 0.0, 
          "percentage": 0.1027
        }, 
        "right": {
          "constant": 0.0, 
          "percentage": 0.1027
        }, 
        "top": {
          "constant": 0.0, 
          "percentage": 0.8269
        }
      }, 
      "fontName": "youngerthanme", 
      "fontSize": 15, 
      "id": "3", 
      "placeHolder": "Choosing to be positive \n and having a grateful attiude", 
      "textAlignment": "center", 
      "textColor": "030303", 
      "textId": "1", 
      "type": "text",
      "keyPath": "text2",
      "contentSize":[
        603,
        84
      ],
      "animation":{
        "name": "data.json",
        "type": 1,
        "resourceDirectory": "/text2"
      }
    }
  ], 
  "animation":{
    "name": "data.json",
    "type": 1,
    "resourceDirectory": "/"
  },
  "templateId": 10006
}