{
  "elements": [
    {
      "constraints": {
        "height": {
          "constant": 0.0,
          "percentage": 0.2039
        },
        "left": {
          "constant": 0.0,
          "percentage": 0.0427
        },
        "right": {
          "constant": 0.0,
          "percentage": 0.6667
        },
        "top": {
          "constant": 0.0,
          "percentage": 0.1844
        }
      },
      "id": "0",
      "mediaId": "0",
      "type": "media",
      "keyPath": "形状图层 1"
    },
    {
      "constraints": {
        "height": {
          "constant": 0.0,
          "percentage": 0.2039
        },
        "left": {
          "constant": 0.0,
          "percentage": 0.3547
        },
        "right": {
          "constant": 0.0,
          "percentage": 0.3547
        },
        "top": {
          "constant": 0.0,
          "percentage": 0.1837
        }
      },
      "id": "1",
      "mediaId": "1",
      "type": "media",
      "keyPath": "形状图层 2"
    },
    {
      "constraints": {
        "height": {
          "constant": 0.0,
          "percentage": 0.2039
        },
        "left": {
          "constant": 0.0,
          "percentage": 0.6667
        },
        "right": {
          "constant": 0.0,
          "percentage": 0.0427
        },
        "top": {
          "constant": 0.0,
          "percentage": 0.1837
        }
      },
      "id": "2",
      "mediaId": "2",
      "type": "media",
      "keyPath": "形状图层 3"
    },
    {
      "constraints": {
        "height": {
          "constant": 0.0,
          "percentage": 0.2038
        },
        "left": {
          "constant": 0.0,
          "percentage": 0.6667
        },
        "right": {
          "constant": 0.0,
          "percentage": 0.0427
        },
        "top": {
          "constant": 0.0,
          "percentage": 0.3996
        }
      },
      "id": "3",
      "mediaId": "3",
      "type": "media",
      "keyPath": "形状图层 4"
    },
    {
      "constraints": {
        "height": {
          "constant": 0.0,
          "percentage": 0.2039
        },
        "left": {
          "constant": 0.0,
          "percentage": 0.0427
        },
        "right": {
          "constant": 0.0,
          "percentage": 0.6667
        },
        "top": {
          "constant": 0.0,
          "percentage": 0.3988
        }
      },
      "id": "4",
      "mediaId": "4",
      "type": "media",
      "keyPath": "形状图层 8"
    },
    {
      "constraints": {
        "height": {
          "constant": 0.0,
          "percentage": 0.2039
        },
        "left": {
          "constant": 0.0,
          "percentage": 0.0427
        },
        "right": {
          "constant": 0.0,
          "percentage": 0.6667
        },
        "top": {
          "constant": 0.0,
          "percentage": 0.6147
        }
      },
      "id": "5",
      "mediaId": "5",
      "type": "media",
      "keyPath": "形状图层 7"
    },
    {
      "constraints": {
        "height": {
          "constant": 0.0,
          "percentage": 0.2039
        },
        "left": {
          "constant": 0.0,
          "percentage": 0.3547
        },
        "right": {
          "constant": 0.0,
          "percentage": 0.3547
        },
        "top": {
          "constant": 0.0,
          "percentage": 0.6147
        }
      },
      "id": "6",
      "mediaId": "6",
      "type": "media",
      "keyPath": "形状图层 6"
    },
    {
      "constraints": {
        "height": {
          "constant": 0.0,
          "percentage": 0.2039
        },
        "left": {
          "constant": 0.0,
          "percentage": 0.6667
        },
        "right": {
          "constant": 0.0,
          "percentage": 0.0427
        },
        "top": {
          "constant": 0.0,
          "percentage": 0.6147
        }
      },
      "id": "7",
      "mediaId": "7",
      "type": "media",
      "keyPath": "形状图层 5"
    },
    {
      "constraints": {
        "bottom": {
          "constant": 0.0,
          "percentage": 0.0
        },
        "left": {
          "constant": 0.0,
          "percentage": 0.0
        },
        "right": {
          "constant": 0.0,
          "percentage": 0.0
        },
        "top": {
          "constant": 0.0,
          "percentage": 0.0
        }
      },
      "id": "8",
      "imageName": "template_widget_10004.png",
      "type": "image",
      "keyPath": "矩形 1"
    },
    {
      "canvasWidth": 375,
      "constraints": {
        "left": {
          "constant": 0.0,
          "percentage": 0.3793
        },
        "right": {
          "constant": 0.0,
          "percentage": 0.3727
        },
        "top": {
          "constant": 0.0,
          "percentage": 0.4573
        }
      },
      "fontName": "PerpetuaTitlingMT-Light",
      "fontSize": 23,
      "id": "9",
      "placeHolder": "travel",
      "textAlignment": "center",
      "textColor": "000000",
      "textId": "0",
      "type": "text",
      "keyPath": "字 1"
    },
    {
      "canvasWidth": 375,
      "constraints": {
        "left": {
          "constant": 0.0,
          "percentage": 0.3607
        },
        "right": {
          "constant": 0.0,
          "percentage": 0.358
        },
        "top": {
          "constant": 0.0,
          "percentage": 0.5092
        }
      },
      "fontName": "PerpetuaTitlingMT-Light",
      "fontSize": 15,
      "id": "10",
      "placeHolder": "my biggest dream",
      "textAlignment": "center",
      "textColor": "000000",
      "textId": "1",
      "type": "text",
      "keyPath": "字 2"
    }
  ],
  "templateId": 10004
}