{
  "assets": [
    {
      "e": 0,
      "h": 44,
      "id": "image_0",
      "p": "img_0.png",
      "u": "images/",
      "w": 489
    }
  ],
  "ddd": 0,
  "fr": 25,
  "h": 1334,
  "ip": 0,
  "layers": [
    {
      "ao": 0,
      "bm": 0,
      "ddd": 0,
      "ind": 2,
      "ip": 0,
      "ks": {
        "a": {
          "a": 0,
          "ix": 1,
          "k": [
            0,
            0,
            0
          ]
        },
        "o": {
          "a": 1,
          "ix": 11,
          "k": [
            {
              "i": {
                "x": [
                  0.833
                ],
                "y": [
                  0.833
                ]
              },
              "o": {
                "x": [
                  0.167
                ],
                "y": [
                  0.167
                ]
              },
              "s": [
                0
              ],
              "t": 56
            },
            {
              "s": [
                100
              ],
              "t": 64
            }
          ]
        },
        "p": {
          "a": 1,
          "ix": 2,
          "k": [
            {
              "i": {
                "x": 0.833,
                "y": 0.833
              },
              "o": {
                "x": 0.167,
                "y": 0.167
              },
              "s": [
                131,
                689.151,
                0
              ],
              "t": 56,
              "ti": [
                0,
                2.525,
                0
              ],
              "to": [
                0,
                -2.525,
                0
              ]
            },
            {
              "s": [
                131,
                674,
                0
              ],
              "t": 64
            }
          ]
        },
        "r": {
          "a": 0,
          "ix": 10,
          "k": 0
        },
        "s": {
          "a": 0,
          "ix": 6,
          "k": [
            100,
            100,
            100
          ]
        }
      },
      "nm": "text2",
      "op": 250,
      "refId": "image_0",
      "sr": 1,
      "st": 0,
      "ty": 2
    }
  ],
  "markers": [],
  "nm": "合成 1",
  "op": 200,
  "v": "5.5.3",
  "w": 750
}